{
	"format_version": "1.8.0",
	"animations": {
		"animation.kavili.always": {
			"loop": true,
			"animation_length": 2,
			"bones": {
				"head": {
					"rotation": {
						"0.0": [0, 0, 0],
						"1.0": [2.5, 0, 0],
						"2.0": [0, 0, 0]
					}
				},
				"arm": {
					"rotation": {
						"0.0": [0, 0, 0],
						"1.0": [5, 0, 0],
						"2.0": [0, 0, 0]
					}
				},
				"tail": {
					"rotation": {
						"0.0": [0, 0, 0],
						"1.0": [5, 0, 0],
						"2.0": [0, 0, 0]
					}
				}
			}
		},
		"animation.kavili.attack_g": {
			"animation_length": 3,
			"bones": {
				"leftLeg": {
					"rotation": {
						"0.0": [0, 0, 0],
						"0.5": [7.5, 0, 0],
						"1.8333": [7.5, 0, 0],
						"2.9583": [0, 0, 0]
					}
				},
				"head": {
					"rotation": {
						"0.0": [0, 0, 0],
						"0.5833": [0, 0, 7.5],
						"1.625": [0, 0, 7.5],
						"1.9167": [5, 0, 7.5],
						"2.9583": [0, 0, 0]
					}
				},
				"month": {
					"rotation": {
						"0.0": [0, 0, 0],
						"0.5833": [7.5, 0, 0],
						"1.9167": [7.5, 0, 0],
						"2.9583": [0, 0, 0]
					}
				},
				"rightArm": {
					"rotation": {
						"0.0": [0, 0, 0],
						"0.5833": [-152.74765, 15.7627, -19.65736],
						"1.6667": [-152.74765, 15.7627, -19.65736],
						"1.9167": [-130.24765, 15.7627, -19.65736],
						"2.9583": [0, 0, 0]
					}
				}
			}
		},
		"animation.kavili.sit": {
			"loop": true,
			"animation_length": 2,
			"bones": {
				"leg": {
					"rotation": [-90, 0, 0],
					"position": [0, 2, -3]
				},
				"leftLeg": {
					"rotation": {
						"0.0": [0, 0, -5],
						"0.5": [2.5, 0, -5],
						"1.0": [0, 0, -5],
						"1.5": [-2.5, 0, -5],
						"2.0": [0, 0, -5]
					}
				},
				"rightLeg": {
					"rotation": {
						"0.0": [0, 0, 5],
						"0.5": [2.5, 0, 5],
						"1.0": [0, 0, 5],
						"1.5": [-2.5, 0, 5],
						"2.0": [0, 0, 5]
					},
					"position": [0, 0, 0]
				},
				"head": {
					"rotation": {
						"0.0": [0, 0, 0],
						"0.5": [1, 0, 0],
						"1.0": [0, 0, 0],
						"1.5": [-1, 0, 0],
						"2.0": [0, 0, 0]
					}
				},
				"arm": {
					"rotation": {
						"0.0": [0, 0, 0],
						"0.5": [-2.5, 0, 0],
						"1.0": [0, 0, 0],
						"1.5": [2.5, 0, 0],
						"2.0": [0, 0, 0]
					}
				},
				"tail": {
					"rotation": {
						"0.0": [0, -2.5, 0],
						"0.5": [0, -5, 0],
						"1.0": [0, 0, 0],
						"1.5": [0, 5, 0],
						"2.0": [0, 0, 0]
					}
				},
				"body": {
					"position": {
						"0.0": [0, 0, 0],
						"1.5": [0, -2, 1]
					}
				}
			}
		},
		"animation.kavili.walk": {
			"loop": true,
			"animation_length": 1,
			"bones": {
				"rightArm": {
					"rotation": {
						"0.0": [0, 0, 0],
						"0.25": [-10, 0, 0],
						"0.5": [0, 0, 0],
						"0.75": [10, 0, 0],
						"1.0": [0, 0, 0]
					}
				},
				"leftArm": {
					"rotation": {
						"0.0": [0, 0, 0],
						"0.25": [10, 0, 0],
						"0.5": [0, 0, 0],
						"0.75": [-10, 0, 0],
						"1.0": [0, 0, 0]
					}
				},
				"weiba": {
					"rotation": {
						"0.0": [0, 0, 0],
						"0.25": [0, 5, 0],
						"0.5": [0, 0, 0],
						"0.75": [0, -5, 0],
						"1.0": [0, 0, 0]
					}
				},
				"leftLeg": {
					"rotation": {
						"0.0": [0, 0, 0],
						"0.25": [-15, 0, 0],
						"0.5": [0, 0, 0],
						"0.75": [15, 0, 0],
						"1.0": [0, 0, 0]
					}
				},
				"rightLeg": {
					"rotation": {
						"0.0": [0, 0, 0],
						"0.25": [15, 0, 0],
						"0.5": [0, 0, 0],
						"0.75": [-15, 0, 0],
						"1.0": [0, 0, 0]
					}
				},
				"head": {
					"rotation": {
						"0.0": [0, 0, 0],
						"0.25": [5, 0, 0],
						"0.5": [0, 0, 0],
						"0.75": [5, 0, 0],
						"1.0": [0, 0, 0]
					}
				},
				"tail": {
					"rotation": {
						"0.0": [0, 0, 0],
						"0.25": [0, 7.5, 0],
						"0.5": [0, 0, 0],
						"0.75": [0, -7.5, 0],
						"1.0": [0, 0, 0]
					}
				},
				"month": {
					"rotation": {
						"0.0": [0, 0, 0],
						"0.25": [2.5, 0, 0],
						"0.5": [0, 0, 0],
						"0.75": [2.5, 0, 0],
						"1.0": [0, 0, 0]
					}
				}
			},
			"particle_effects": {
				"0.4583": {
					"effect": "minecraft:lava_particle"
				}
			}
		},
		"animation.kavili.gain_exp": {
			"animation_length": 1.4167,
			"bones": {
				"body": {
					"rotation": {
						"0.0": [0, 0, 0],
						"0.5": [-10, 0, 0],
						"1.0": [-10, 0, 0],
						"1.25": [5, 0, 0],
						"1.4167": [0, 0, 0]
					},
					"position": {
						"0.0": [0, 0, 0],
						"0.5": [0, 13, 0],
						"1.0": [0, 13, 0],
						"1.25": [0, -2, 0],
						"1.4167": [0, 0, 0]
					}
				},
				"tail": {
					"rotation": {
						"0.0": [0, 0, 0],
						"0.5": [-32.5, 0, 0],
						"1.0": [-32.5, 0, 0],
						"1.25": [37.5, 0, 0],
						"1.4167": [0, 0, 0]
					}
				},
				"leg": {
					"rotation": {
						"0.0": [0, 0, 0],
						"0.5": [22.5, 0, 0],
						"1.0": [22.5, 0, 0],
						"1.4167": [0, 0, 0]
					}
				},
				"leftLeg": {
					"rotation": {
						"1.0": [0, 0, 0],
						"1.25": [-10, 0, 0],
						"1.4167": [0, 0, 0]
					}
				},
				"rightLeg": {
					"rotation": {
						"1.0": [0, 0, 0],
						"1.25": [30, 0, 0],
						"1.4167": [0, 0, 0]
					}
				},
				"arm": {
					"rotation": {
						"0.0": [0, 0, 0],
						"0.5": [-105, 0, 0],
						"1.0": [-105, 0, 0],
						"1.25": [0, 0, 0],
						"1.4167": [0, 0, 0]
					}
				},
				"leftArm": {
					"rotation": {
						"0.0": [0, 0, 0],
						"0.5": [0, 0, -57.5],
						"1.0": [0, 0, -57.5],
						"1.25": [28.82357, 42.80378, 29.00258],
						"1.4167": [0, 0, 0]
					}
				},
				"rightArm": {
					"rotation": {
						"0.0": [0, 0, 0],
						"0.5": [0, 0, 57.5],
						"1.0": [0, 0, 57.5],
						"1.4167": [0, 0, 0]
					}
				},
				"head": {
					"rotation": {
						"1.0": [0, 0, 0],
						"1.25": [22.5, 0, 0],
						"1.4167": [0, 0, 0]
					}
				},
				"leftEye": {
					"position": {
						"0.0": [0, 0, 0],
						"0.5": [0.2, 0, 0]
					},
					"scale": 1
				},
				"rightEye": {
					"position": {
						"0.0": [-0.2, 0, 0],
						"0.5": [0.2, 0, 0]
					}
				}
			}
		}
	}
}